{
  "presets": {
    "Empire": {
      "full-width-header": false,
      "logo-center": true,
      "use_logo_image": false,
      "password_bg": "yes",
      "logo_color": "#ffffff",
      "bg": "no_bg",
      "background-position": "left top",
      "background-repeat": "no-repeat",
      "background": "#ffffff",
      "header-background": "#000000",
      "top_bar_background": "#000000",
      "top_bar_color": "#ffffff",
      "social-links": "#ffffff",
      "social-links-hover": "#fdfdfd",
      "cart-links": "#ffffff",
      "cart-links-hover": "#ffffff",
      "navigation": "#000000",
      "nav_color": "#ffffff",
      "nav_hover_color": "#333333",
      "nav_hover_link_color": "#ffffff",
      "nav_drop-down_color": "#ffffff",
      "drop-down_background_color": "#000000",
      "drop-down_hover_link_color": "#fdfdfd",
      "drop-down_hover_background_color": "#000000",
      "slide-title-color": "#000000",
      "caption-color": "#ffffff",
      "caption-background": "rgba(0,0,0,0)",
      "caption-rgba": false,
      "cta_color": "#ffffff",
      "cta_color_hover": "#ffffff",
      "cta_background": "#000000",
      "cta_background_hover": "#000000",
      "notification_background": "#f7f7f7",
      "notification_color": "#000000",
      "notification-border-color": "#222222",
      "promo_color": "#ffffff",
      "hidden_color": "#ffffff",
      "header-color": "#333333",
      "text_color": "#000000",
      "link_color": "#000000",
      "link_hover_color": "#000000",
      "dotted_color": "#eeeeee",
      "button_color": "#000000",
      "button_text": "#ffffff",
      "button_hover": "#333333",
      "button_text_hover": "#ffffff",
      "read-more-background": "#000000",
      "read-more-hover-background": "#000000",
      "read-more-link-color": "#ffffff",
      "read-more-link-hover-color": "#ffffff",
      "directional-background": "#000000",
      "directional-hover-background": "#ffffff",
      "directional-color": "#ffffff",
      "directional-hover-color": "#000000",
      "icons": "#d5d5d5",
      "icons-hover": "#aaaaaa",
      "new-background": "#222222",
      "new-text": "#ffffff",
      "sale-background": "#fc5b4f",
      "sale-text": "#ffffff",
      "soldout-background": "#000000",
      "soldout-text": "#ffffff",
      "sale-color": "#fc5b4f",
      "newsletter-color": "#ffffff",
      "newsletter-background": "#000000",
      "newsletter-hover": "#ffffff",
      "newsletter-button-color": "#ffffff",
      "newsletter-button": "#000000",
      "newsletter-button-hover-color": "#000000",
      "footer-background": "#ffffff",
      "footer-color": "#000000",
      "footer-border": "#eeeeee",
      "top_bar_size": "13px",
      "top_bar_weight": "600",
      "cart-links-size": "12px",
      "cart-weight": "800",
      "logo-font": "'Roboto', sans-serif;",
      "logo-size": "32px",
      "logo-transform": "uppercase",
      "logo-weight": "700",
      "navigation-font": "'Roboto', sans-serif;",
      "nav_weight": "300",
      "nav_size": "13px",
      "drop-down-font-size": "11px",
      "navigation-transform": "uppercase",
      "drop-down-transform": "uppercase",
      "homepage_title_align": "center",
      "notification_font-size": "12px",
      "notification_font_weight": "700",
      "notification-border-style": "solid",
      "notification-border-width": "1px",
      "slide-title-font": "'Helvetica Neue', Helvetica, Arial, sans-serif",
      "slide-title-size": "26px",
      "slide-title-weight": "400",
      "caption-font": "'Montserrat', sans-serif",
      "caption-size": "22px",
      "cta_size": "16px",
      "cta_weight": "700",
      "promo_size": "20px",
      "hidden_size": "16px",
      "font": "'Helvetica Neue', Helvetica, Arial, sans-serif",
      "headings_font": "'Roboto', sans-serif;",
      "h1-size": "24px",
      "h2-size": "20px",
      "h3-size": "18px",
      "h4-size": "16px",
      "h5-size": "14px",
      "h6-size": "14px",
      "heading-weight": "normal",
      "font-size": "13px",
      "link-decoration": "none",
      "price-bold": true,
      "button-weight": "400",
      "nav-center": true,
      "nav-height": "50px",
      "linklist-breakpoint": "4",
      "nav_promo_image": true,
      "mega_1_show": true,
      "mega_1_links": "blog",
      "mega_2_show": true,
      "mega_2_links": "main-menu",
      "mega_3_show": true,
      "mega_3_links": "collections",
      "mega_4_show": true,
      "mega_4_links": "shop",
      "breadcrumb": true,
      "home_section_1": "homepage-message-blocks",
      "home_section_2": "homepage-slideshow",
      "home_section_3": "homepage-image-gallery-1",
      "home_section_4": "homepage-featured-products",
      "home_section_5": "homepage-image-gallery-2",
      "home_section_6": "",
      "home_section_7": "",
      "home_section_8": "",
      "thin-slideshow": false,
      "homepage-display": "slideshow",
      "video-embed": "<iframe width=\"2560\" height=\"1440\" src=\"\/\/www.youtube.com\/embed\/jTiFCEhZeC0?rel=0&autohide=1&showinfo=0\" frameborder=\"0\" allowfullscreen><\/iframe>",
      "slideshow-speed": "6000",
      "slide-1-check": true,
      "slide-1-caption": "",
      "slide-1-button": false,
      "slide_1_caption-align": "left",
      "slide-2-check": true,
      "slide-2-caption": "",
      "slide-2-button": false,
      "slide_2_caption-align": "left",
      "slide-3-check": true,
      "slide-3-caption": "",
      "slide-3-button": false,
      "slide_3_caption-align": "left",
      "slide-4-check": false,
      "slide-4-caption": "",
      "slide-4-button": false,
      "slide_4_caption-align": "left",
      "slide-5-check": false,
      "slide-5-caption": "",
      "slide-5-button": false,
      "slide_5_caption-align": "left",
      "g1_full_width": false,
      "promo_image_1": true,
      "image-width-1": "desktop-4 tablet-2",
      "promo_image_2": true,
      "image-width-2": "desktop-4 tablet-2",
      "promo_image_3": true,
      "image-width-3": "desktop-4 tablet-2",
      "promo_image_4": false,
      "image-width-4": "desktop-4 tablet-2",
      "promo_image_5": false,
      "image-width-5": "desktop-4 tablet-2",
      "promo_image_6": false,
      "image-width-6": "desktop-4 tablet-2",
      "g2_full_width": false,
      "promo_image_7": true,
      "image-width-7": "desktop-4 tablet-2",
      "promo_image_8": true,
      "image-width-8": "desktop-4 tablet-2",
      "promo_image_9": true,
      "image-width-9": "desktop-4 tablet-2",
      "promo_image_10": false,
      "image-width-10": "desktop-3 tablet-fourth",
      "promo_image_11": false,
      "image-width-11": "desktop-4 tablet-2",
      "promo_image_12": false,
      "image-width-12": "desktop-4 tablet-2",
      "homepage-product-limit": "20",
      "homepage-product-display": "carousel",
      "homepage-collection-linklist": "",
      "homepage-collection-limit": "12",
      "collection-sidebar": false,
      "collection_links_1": false,
      "collection_side_1": "",
      "collection_links_2": false,
      "collection_side_2": "",
      "collection_links_3": false,
      "collection_side_3": "",
      "collection_links_4": false,
      "collection_side_4": "",
      "shop_by_designer": false,
      "products_per_page": "24",
      "products-per-row": "4",
      "max-height": false,
      "quickview": false,
      "alternate_colors": true,
      "image-flip": true,
      "details-align": "center",
      "vendor": true,
      "filters": true,
      "sort_by": true,
      "sort-drop-down-a-check": true,
      "sort_a": "",
      "sort-drop-down-b-check": true,
      "sort_b": "",
      "sort-drop-down-c-check": true,
      "sort_c": "",
      "show-quantity": true,
      "thumbnails": "left",
      "show-sku": true,
      "related-products": "bottom",
      "popup_1": true,
      "popup_2": false,
      "popup_3": false,
      "popup_4": true,
      "blog-banner": true,
      "show-blog-instagram-feed": false,
      "show-twitter-feed": false,
      "show-facebook-like": false,
      "show-map": false,
      "cart_notes_enable": false,
      "ajax_cart_method": "drawer",
      "footer-blog-limit": "4",
      "footer-contact": true,
      "show-email": true,
      "show-phone": true,
      "show-address": true,
      "footer-1-links": "main-menu",
      "footer-2-links": "footer",
      "show_twitter": true,
      "show_facebook": true,
      "show_pinterest": true,
      "show_tumblr": true,
      "show_youtube": false,
      "show_googleplus": false,
      "show_instagram": false,
      "popup": true,
      "email_popup_image": false,
      "show_multiple_currencies": false,
      "currency_format": "money_with_currency_format",
      "checkout_use_header_image": false,
      "checkout_logo": "",
      "checkout_logo_position": "left",
      "checkout_logo_size": "medium",
      "checkout_use_body_background_image": false,
      "checkout_body_background_color": "#ffffff",
      "checkout_input_background_color_mode": "white",
      "checkout_use_sidebar_background_image": false,
      "checkout_sidebar_background_color": "#fafafa",
      "checkout_heading_font": "Helvetica Neue",
      "checkout_body_font": "Helvetica Neue",
      "checkout_accent_color": "#2a9dcc",
      "checkout_button_color": "#2a9dcc",
      "checkout_error_color": "#ff6d6d",
      "caption-align": "center",
      "caption-weight": "300",
      "product-listing-slider": true,
      "footer_2": "",
      "checkout_banner_background_color": "#ffffff",
      "checkout_call_to_action_color": "#8fc243",
      "nav_dropdown_color": "#ffffff",
      "dropdown_background_color": "#333333",
      "dropdown_hover_link_color": "#ffffff",
      "dropdown_hover_background_color": "#000000",
      "dropdown-font-size": "11px",
      "dropdown-transform": "none",
      "sort-dropdown-a-check": false,
      "sort-dropdown-b-check": false,
      "sort-dropdown-c-check": false,
      "popups": false,
      "footer_3": "",
      "custom_css": "",
      "welcome-bar": true,
      "homepage-images": true,
      "image_grid": true,
      "homepage-products": true,
      "promo": true,
      "promo1_url": "\/collections\/all",
      "promo1_title": "",
      "promo1_hidden": "",
      "promo2_url": "\/collections\/all",
      "promo2_title": "",
      "promo2_hidden": "",
      "promo3_url": "\/collections\/all",
      "promo3_title": "",
      "promo3_hidden": "",
      "homepage-collections": false,
      "homepage-articles": true,
      "homepage-instagram": false,
      "customer_layout": "theme",
      "decor": "#ffffff",
      "popup-one-title": "Size Guide",
      "popup-two-title": "",
      "popup-three-title": "",
      "popup-four-title": "Ask us a question",
      "homepage-collection-display": "grid",
      "homepage-products2": "true",
      "homepage-collection2": "favourites",
      "homepage-product-limit2": "20",
      "home-collection-linklist": "catalog",
      "sort-a": "",
      "sort-b": "",
      "sort-c": "",
      "show_rss": "false",
      "american_express": "true",
      "dankort": "false",
      "diners": "false",
      "discover": "false",
      "forbru": "false",
      "google": "false",
      "jcb": "false",
      "maestro": "true",
      "mastercard": "true",
      "paypal": "true",
      "solo": "false",
      "visa": "true",
      "smart-collection": "true",
      "collection-links-1": "true",
      "collection-linklist-1-title": "Shop",
      "collection-side-1": "catalog",
      "collection-links-2": "true",
      "collection-linklist-2-title": "Select a linklist",
      "collection-side-2": "",
      "collection-links-3": "true",
      "collection-linklist-3-title": "Select a linklist",
      "collection-side-3": "",
      "collection-links-4": "true",
      "collection-linklist-4-title": "Select a linklist",
      "collection-side-4": "",
      "shop-by-designer": "false",
      "shop-by-designer-title": "",
      "slide-1-mask": "false",
      "slide-2-mask": "false",
      "slide-3-mask": "false",
      "slide-4-mask": "false",
      "slide-5-mask": "false",
      "homepage-collection_2": "favourites",
      "homepage-product-limit_2": "20",
      "cta_border": "#cfaeae",
      "cta_border_hover": "#cfaeae",
      "button-border": "true",
      "button-border-color": "#000000",
      "homepage-blog-title": "Recent Articles",
      "homepage-collections-title": "",
      "homepage-collection-title": "",
      "type-background": "#ffffff",
      "shop-by-type": "false",
      "footer-text": "#aaaaaa",
      "footer-hover-link": "#d5d5d5",
      "footer_hover_color": "#ffffff",
      "credit": "true",
      "homepage-blog-title-color": "#000000",
      "blog-background-color": "#f7f7f7",
      "homepage-products-title-color": "#aaaaaa",
      "homepage-products-background": "#ffffff",
      "homepage-collections-title-color": "#444444",
      "homepage-collections-background": "#fdfcf7",
      "leftlink": "\/collections\/all",
      "midlink": "\/collections\/all",
      "rightlink": "\/collections\/all",
      "checkout_use_logo_image": "false",
      "order-summary-background": "#ffffff",
      "signup-text": "Signup for Email updates",
      "popup-2": "true",
      "popup-3": "false",
      "popup-4": "true",
      "welcome-1": "Welcome Message 1",
      "welcome-2": "Welcome Message 2",
      "welcome-3": "Welcome Message 3",
      "articles": "false",
      "instagram_url": "enter url",
      "soundcloud-playlist": "https:\/\/soundcloud.com\/moby\/sets\/innocents",
      "soundcloud": "true",
      "use-blog-background-image": "true",
      "mask": "true",
      "homepage-contact-title": "Reach out",
      "homepage-contact-title-color": "#444",
      "contact-background-color": "#f7f7f7",
      "homepage-contact": "true",
      "use-contact-background-image": "true",
      "contact-mask": "true",
      "slide6_url": "\/collections\/all",
      "slide6_alt": "Slide 6 Alt Text",
      "slide7_url": "\/collections\/all",
      "slide7_alt": "Slide 7 Alt Text",
      "slide8_url": "\/collections\/all",
      "slide8_alt": "Slide 8 Alt Text",
      "slide9_url": "\/collections\/all",
      "slide9_alt": "Slide 9 Alt Text",
      "slide10_url": "\/collections\/all",
      "slide10_alt": "Slide 10 Alt Text",
      "slide-6-check": "false",
      "slide-7-check": "false",
      "slide-8-check": "false",
      "slide-9-check": "false",
      "slide-10-check": "false",
      "homepage-left-1-url": "\/collections\/all",
      "homepage-left-1-alt": "homepage-left-1-alt",
      "homepage-left-2-url": "\/collections\/all",
      "homepage-left-2-alt": "homepage-left-2-alt",
      "homepage-right-1-url": "\/collections\/all",
      "homepage-right-1-alt": "homepage-right-1-alt",
      "homepage-right-2-url": "\/collections\/all",
      "homepage-right-2-alt": "homepage-right-2-alt",
      "homepage-right-3-url": "\/collections\/all",
      "homepage-right-3-alt": "homepage-right-3-alt",
      "layout-choose": "slideshow",
      "show-sizes": "true",
      "vimeo_url": "Full Vimeo URL",
      "blogger_url": "Full Blogger URL",
      "wordpress_url": "Full Wordpress URL",
      "show_blogger": "false",
      "show_wordpress": "false",
      "footer-1-title": "Featured Collections",
      "footer-2-title": "Best Selling",
      "footer-3-title": "Information",
      "footer-4-title": "Follow us",
      "show_vimeo": "true",
      "nav_border": "#d5d5d5",
      "client-id": "Instagram Client ID",
      "hashtag": "shopify",
      "instagram-label": "#shopify on Instagram",
      "instagram": "true",
      "product-border": "true",
      "collection-1": "shop",
      "collection-2": "frontpage",
      "collection-3": "shop",
      "footer-1": "shop",
      "footer-2": "best-selling",
      "footer-3": "information",
      "video_embed": "<iframe width=\"2560\" height=\"1440\" src=\"\/\/www.youtube.com\/embed\/jTiFCEhZeC0?rel=0&autohide=1&showinfo=0\" frameborder=\"0\" allowfullscreen><\/iframe>"
    },
    "Secret Sale": {
      "full-width-header": false,
      "logo-center": false,
      "use_logo_image": false,
      "password_bg": "yes",
      "logo_color": "#000000",
      "bg": "no_bg",
      "background-position": "left top",
      "background-repeat": "no-repeat",
      "background": "#ffffff",
      "header-background": "#ffffff",
      "top_bar_background": "#f8f8f8",
      "top_bar_color": "#000000",
      "social-links": "#d5d5d5",
      "social-links-hover": "#454545",
      "cart-links": "#000000",
      "cart-links-hover": "#000000",
      "navigation": "#292929",
      "nav_color": "#ffffff",
      "nav_hover_color": "#292929",
      "nav_hover_link_color": "#ffffff",
      "nav_drop-down_color": "#000000",
      "drop-down_background_color": "#ffffff",
      "drop-down_hover_link_color": "#000000",
      "drop-down_hover_background_color": "#ffffff",
      "slide-title-color": "#000000",
      "caption-color": "#ffffff",
      "caption-background": "rgba(0,0,0,0)",
      "caption-rgba": false,
      "cta_color": "#ffffff",
      "cta_color_hover": "#ffffff",
      "cta_background": "#000000",
      "cta_background_hover": "#000000",
      "notification_background": "#f7f7f7",
      "notification_color": "#000000",
      "notification-border-color": "#222222",
      "promo_color": "#ffffff",
      "hidden_color": "#ffffff",
      "header-color": "#000000",
      "text_color": "#333333",
      "link_color": "#333333",
      "link_hover_color": "#000000",
      "dotted_color": "#d5d5d5",
      "button_color": "#000000",
      "button_text": "#ffffff",
      "button_hover": "#333333",
      "button_text_hover": "#ffffff",
      "read-more-background": "#f8f8f8",
      "read-more-hover-background": "#f3f3f3",
      "read-more-link-color": "#000000",
      "read-more-link-hover-color": "#000000",
      "directional-background": "#000000",
      "directional-hover-background": "#ffffff",
      "directional-color": "#ffffff",
      "directional-hover-color": "#000000",
      "icons": "#d5d5d5",
      "icons-hover": "#454545",
      "new-background": "#222222",
      "new-text": "#ffffff",
      "sale-background": "#fc5b4f",
      "sale-text": "#ffffff",
      "soldout-background": "#000000",
      "soldout-text": "#ffffff",
      "sale-color": "#fc5b4f",
      "newsletter-color": "#000000",
      "newsletter-background": "#eeeeee",
      "newsletter-hover": "#000000",
      "newsletter-button-color": "#ffffff",
      "newsletter-button": "#000000",
      "newsletter-button-hover-color": "#000000",
      "footer-background": "#292929",
      "footer-color": "#ffffff",
      "footer-border": "#414141",
      "top_bar_size": "13px",
      "top_bar_weight": "600",
      "cart-links-size": "13px",
      "cart-weight": "800",
      "logo-font": "'Montserrat', sans-serif",
      "logo-size": "30px",
      "logo-transform": "uppercase",
      "logo-weight": "700",
      "navigation-font": "'Montserrat', sans-serif",
      "nav_weight": "700",
      "nav_size": "14px",
      "drop-down-font-size": "12px",
      "navigation-transform": "uppercase",
      "drop-down-transform": "uppercase",
      "homepage_title_align": "left",
      "notification_font-size": "12px",
      "notification_font_weight": "700",
      "notification-border-style": "solid",
      "notification-border-width": "1px",
      "slide-title-font": "'Helvetica Neue', Helvetica, Arial, sans-serif",
      "slide-title-size": "26px",
      "slide-title-weight": "400",
      "caption-font": "'Open Sans', sans-serif",
      "caption-size": "46px",
      "cta_size": "16px",
      "cta_weight": "700",
      "promo_size": "20px",
      "hidden_size": "16px",
      "font": "'Open Sans', sans-serif",
      "headings_font": "'Open Sans', sans-serif",
      "h1-size": "20px",
      "h2-size": "18px",
      "h3-size": "16px",
      "h4-size": "14px",
      "h5-size": "14px",
      "h6-size": "14px",
      "heading-weight": "bold",
      "font-size": "13px",
      "link-decoration": "none",
      "price-bold": true,
      "button-weight": "400",
      "nav-center": false,
      "nav-height": "40px",
      "linklist-breakpoint": "4",
      "nav_promo_image": false,
      "mega_1_show": false,
      "mega_1_links": "",
      "mega_2_show": false,
      "mega_2_links": "",
      "mega_3_show": false,
      "mega_3_links": "",
      "mega_4_show": false,
      "mega_4_links": "",
      "breadcrumb": true,
      "home_section_1": "homepage-slideshow",
      "home_section_2": "homepage-image-gallery-1",
      "home_section_3": "homepage-featured-products",
      "home_section_4": "homepage-image-gallery-2",
      "home_section_5": "homepage-collections",
      "home_section_6": "homepage-blog-posts",
      "home_section_7": "",
      "home_section_8": "",
      "thin-slideshow": false,
      "homepage-display": "slideshow",
      "video-embed": "",
      "slideshow-speed": "5000",
      "slide-1-check": true,
      "slide-1-caption": "",
      "slide-1-button": false,
      "slide_1_caption-align": "left",
      "slide-2-check": true,
      "slide-2-caption": "",
      "slide-2-button": false,
      "slide_2_caption-align": "left",
      "slide-3-check": true,
      "slide-3-caption": "",
      "slide-3-button": false,
      "slide_3_caption-align": "left",
      "slide-4-check": false,
      "slide-4-caption": "",
      "slide-4-button": false,
      "slide_4_caption-align": "left",
      "slide-5-check": false,
      "slide-5-caption": "",
      "slide-5-button": false,
      "slide_5_caption-align": "left",
      "g1_full_width": false,
      "promo_image_1": true,
      "image-width-1": "desktop-4 tablet-2",
      "promo_image_2": true,
      "image-width-2": "desktop-4 tablet-2",
      "promo_image_3": true,
      "image-width-3": "desktop-4 tablet-2",
      "promo_image_4": false,
      "image-width-4": "desktop-3 tablet-fourth",
      "promo_image_5": false,
      "image-width-5": "desktop-3 tablet-fourth",
      "promo_image_6": false,
      "image-width-6": "desktop-6 tablet-3",
      "g2_full_width": false,
      "promo_image_7": true,
      "image-width-7": "desktop-4 tablet-2",
      "promo_image_8": true,
      "image-width-8": "desktop-4 tablet-2",
      "promo_image_9": true,
      "image-width-9": "desktop-4 tablet-2",
      "promo_image_10": false,
      "image-width-10": "desktop-3 tablet-fourth",
      "promo_image_11": false,
      "image-width-11": "desktop-4 tablet-2",
      "promo_image_12": false,
      "image-width-12": "desktop-4 tablet-2",
      "homepage-product-limit": "16",
      "homepage-product-display": "carousel",
      "homepage-collection-linklist": "",
      "homepage-collection-limit": "12",
      "collection-sidebar": false,
      "collection_links_1": false,
      "collection_side_1": "",
      "collection_links_2": false,
      "collection_side_2": "",
      "collection_links_3": false,
      "collection_side_3": "",
      "collection_links_4": false,
      "collection_side_4": "",
      "shop_by_designer": false,
      "products_per_page": "24",
      "products-per-row": "4",
      "max-height": false,
      "quickview": false,
      "alternate_colors": true,
      "image-flip": true,
      "details-align": "center",
      "vendor": true,
      "filters": false,
      "sort_by": false,
      "sort-drop-down-a-check": false,
      "sort_a": "",
      "sort-drop-down-b-check": false,
      "sort_b": "",
      "sort-drop-down-c-check": false,
      "sort_c": "",
      "show-quantity": true,
      "thumbnails": "left",
      "show-sku": false,
      "related-products": "bottom",
      "popup_1": false,
      "popup_2": false,
      "popup_3": false,
      "popup_4": false,
      "blog-banner": true,
      "show-blog-instagram-feed": false,
      "show-twitter-feed": false,
      "show-facebook-like": true,
      "show-map": true,
      "cart_notes_enable": false,
      "ajax_cart_method": "drawer",
      "footer-blog-limit": "4",
      "footer-contact": true,
      "show-email": true,
      "show-phone": true,
      "show-address": true,
      "footer-1-links": "main-menu",
      "footer-2-links": "footer",
      "show_twitter": true,
      "show_facebook": true,
      "show_pinterest": true,
      "show_tumblr": true,
      "show_youtube": false,
      "show_googleplus": false,
      "show_instagram": true,
      "popup": true,
      "email_popup_image": false,
      "show_multiple_currencies": false,
      "currency_format": "money_with_currency_format",
      "checkout_use_header_image": false,
      "checkout_logo": "",
      "checkout_logo_position": "left",
      "checkout_logo_size": "medium",
      "checkout_use_body_background_image": false,
      "checkout_body_background_color": "#ffffff",
      "checkout_input_background_color_mode": "white",
      "checkout_use_sidebar_background_image": false,
      "checkout_sidebar_background_color": "#fafafa",
      "checkout_heading_font": "Helvetica Neue",
      "checkout_body_font": "Helvetica Neue",
      "checkout_accent_color": "#2a9dcc",
      "checkout_button_color": "#2a9dcc",
      "checkout_error_color": "#ff6d6d",
      "caption-align": "center",
      "caption-weight": "700",
      "dropdown-font-size": "11px",
      "dropdown-transform": "none",
      "nav_dropdown_color": "#000000",
      "dropdown_background_color": "#f8f8f8",
      "dropdown_hover_link_color": "#000000",
      "dropdown_hover_background_color": "#f8f8f8",
      "welcome-bar": false,
      "homepage-images": true,
      "image_grid": true,
      "homepage-products": true,
      "promo": true,
      "promo1_url": "\/collections\/all",
      "promo1_title": "",
      "promo1_hidden": "",
      "promo2_url": "\/collections\/all",
      "promo2_title": "",
      "promo2_hidden": "",
      "promo3_url": "\/collections\/all",
      "promo3_title": "",
      "promo3_hidden": "",
      "homepage-collections": false,
      "homepage-articles": false,
      "homepage-instagram": false,
      "product-listing-slider": true,
      "sort-dropdown-a-check": false,
      "sort-dropdown-b-check": false,
      "sort-dropdown-c-check": false,
      "popups": false,
      "footer_2": "",
      "footer_3": "",
      "custom_css": "",
      "checkout_banner_background_color": "#ffffff",
      "checkout_headline": "",
      "checkout_call_to_action_color": "#8fc243",
      "customer_layout": "theme",
      "decor": "#ffffff",
      "popup-one-title": "",
      "popup-two-title": "",
      "popup-three-title": "",
      "popup-four-title": "",
      "homepage-collection-display": "grid",
      "homepage-products2": "true",
      "homepage-collection2": "favourites",
      "homepage-product-limit2": "20",
      "home-collection-linklist": "",
      "sort-a": "",
      "sort-b": "",
      "sort-c": "",
      "show_rss": "false",
      "american_express": "true",
      "dankort": "false",
      "diners": "false",
      "discover": "false",
      "forbru": "false",
      "google": "false",
      "jcb": "false",
      "maestro": "true",
      "mastercard": "true",
      "paypal": "true",
      "solo": "false",
      "visa": "true",
      "smart-collection": "true",
      "collection-links-1": "true",
      "collection-linklist-1-title": "Shop",
      "collection-side-1": "demo",
      "collection-links-2": "true",
      "collection-linklist-2-title": "Discover",
      "collection-side-2": "main-menu",
      "collection-links-3": "false",
      "collection-linklist-3-title": "Select a linklist",
      "collection-side-3": "",
      "collection-links-4": "false",
      "collection-linklist-4-title": "Select a linklist",
      "collection-side-4": "",
      "shop-by-designer": "false",
      "shop-by-designer-title": "",
      "slide-1-mask": "false",
      "slide-2-mask": "false",
      "slide-3-mask": "false",
      "slide-4-mask": "false",
      "slide-5-mask": "false",
      "homepage-collection_2": "favourites",
      "homepage-product-limit_2": "20",
      "cta_border": "#cfaeae",
      "cta_border_hover": "#cfaeae",
      "button-border": "true",
      "button-border-color": "#00adef",
      "homepage-blog-title": "",
      "homepage-collections-title": "",
      "homepage-collection-title": "",
      "type-background": "#000000",
      "shop-by-type": "true",
      "footer-text": "#cccccc",
      "footer-hover-link": "#00adef",
      "footer_hover_color": "#232323",
      "credit": "true",
      "homepage-blog-title-color": "#ffffff",
      "blog-background-color": "#000000",
      "homepage-products-title-color": "#ffffff",
      "homepage-products-background": "#000000",
      "homepage-collections-title-color": "#ffffff",
      "homepage-collections-background": "#000000",
      "leftlink": "\/collections\/all",
      "midlink": "\/collections\/all",
      "rightlink": "\/collections\/all",
      "checkout_use_logo_image": "false",
      "order-summary-background": "#151515",
      "signup-text": "Join our Mailing List",
      "popup-2": "false",
      "popup-3": "false",
      "popup-4": "true",
      "welcome-1": "<a href=\"\/collections\/sale\">Sale Now on<\/a>",
      "welcome-2": "<a href=\"\/collections\/new\">Just in<\/a>",
      "welcome-3": "<a href=\"\/blogs\/news\">Style Advice Blog<\/a>",
      "articles": "true",
      "instagram_url": "enter url",
      "soundcloud-playlist": "https:\/\/soundcloud.com\/moby\/sets\/innocents",
      "soundcloud": "true",
      "use-blog-background-image": "true",
      "mask": "true",
      "homepage-contact-title": "Reach out",
      "homepage-contact-title-color": "#444",
      "contact-background-color": "#f7f7f7",
      "homepage-contact": "true",
      "use-contact-background-image": "true",
      "contact-mask": "true",
      "slide6_url": "\/collections\/all",
      "slide6_alt": "Slide 6 Alt Text",
      "slide7_url": "\/collections\/all",
      "slide7_alt": "Slide 7 Alt Text",
      "slide8_url": "\/collections\/all",
      "slide8_alt": "Slide 8 Alt Text",
      "slide9_url": "\/collections\/all",
      "slide9_alt": "Slide 9 Alt Text",
      "slide10_url": "\/collections\/all",
      "slide10_alt": "Slide 10 Alt Text",
      "slide-6-check": "false",
      "slide-7-check": "false",
      "slide-8-check": "false",
      "slide-9-check": "false",
      "slide-10-check": "false",
      "homepage-left-1-url": "\/collections\/all",
      "homepage-left-1-alt": "homepage-left-1-alt",
      "homepage-left-2-url": "\/collections\/all",
      "homepage-left-2-alt": "homepage-left-2-alt",
      "homepage-right-1-url": "\/collections\/all",
      "homepage-right-1-alt": "homepage-right-1-alt",
      "homepage-right-2-url": "\/collections\/all",
      "homepage-right-2-alt": "homepage-right-2-alt",
      "homepage-right-3-url": "\/collections\/all",
      "homepage-right-3-alt": "homepage-right-3-alt",
      "layout-choose": "slideshow",
      "show-sizes": "true",
      "vimeo_url": "Full Vimeo URL",
      "blogger_url": "Full Blogger URL",
      "wordpress_url": "Full Wordpress URL",
      "show_blogger": "false",
      "show_wordpress": "false",
      "footer-1-title": "Featured Collections",
      "footer-2-title": "Best Selling",
      "footer-3-title": "Information",
      "footer-4-title": "Follow us",
      "show_vimeo": "true",
      "nav_border": "#d5d5d5",
      "client-id": "Instagram Client ID",
      "hashtag": "shopify",
      "instagram-label": "#shopify on Instagram",
      "instagram": "true",
      "product-border": "true",
      "collection-1": "shop",
      "collection-2": "frontpage",
      "collection-3": "shop",
      "footer-1": "shop",
      "footer-2": "best-selling",
      "footer-3": "information",
      "video_embed": "<iframe width=\"2560\" height=\"1440\" src=\"\/\/www.youtube.com\/embed\/jTiFCEhZeC0?rel=0&autohide=1&showinfo=0\" frameborder=\"0\" allowfullscreen><\/iframe>"
    },
    "Popup Shop": {
      "full-width-header": false,
      "logo-center": false,
      "use_logo_image": false,
      "password_bg": "yes",
      "logo_color": "#000000",
      "bg": "no_bg",
      "background-position": "left top",
      "background-repeat": "no-repeat",
      "background": "#ffffff",
      "header-background": "#ffffff",
      "top_bar_background": "#708090",
      "top_bar_color": "#ffffff",
      "social-links": "#000000",
      "social-links-hover": "#d5b359",
      "cart-links": "#000000",
      "cart-links-hover": "#d5b359",
      "navigation": "#d5b359",
      "nav_color": "#ffffff",
      "nav_hover_color": "#d5b359",
      "nav_hover_link_color": "#ffffff",
      "nav_drop-down_color": "#708090",
      "drop-down_background_color": "#ffffff",
      "drop-down_hover_link_color": "#d5b359",
      "drop-down_hover_background_color": "#ffffff",
      "slide-title-color": "#000000",
      "caption-color": "#ffffff",
      "caption-background": "rgba(0,0,0,0)",
      "caption-rgba": false,
      "cta_color": "#ffffff",
      "cta_color_hover": "#ffffff",
      "cta_background": "#d5b359",
      "cta_background_hover": "#708090",
      "notification_background": "#f7f7f7",
      "notification_color": "#000000",
      "notification-border-color": "#222222",
      "promo_color": "#ffffff",
      "hidden_color": "#ffffff",
      "header-color": "#000000",
      "text_color": "#000000",
      "link_color": "#000000",
      "link_hover_color": "#000000",
      "dotted_color": "#eeeeee",
      "button_color": "#d5b359",
      "button_text": "#ffffff",
      "button_hover": "#708090",
      "button_text_hover": "#ffffff",
      "read-more-background": "#d5b359",
      "read-more-hover-background": "#708090",
      "read-more-link-color": "#ffffff",
      "read-more-link-hover-color": "#ffffff",
      "directional-background": "#d5b359",
      "directional-hover-background": "#ffffff",
      "directional-color": "#ffffff",
      "directional-hover-color": "#000000",
      "icons": "#d5b359",
      "icons-hover": "#708090",
      "new-background": "#222222",
      "new-text": "#ffffff",
      "sale-background": "#fc5b4f",
      "sale-text": "#ffffff",
      "soldout-background": "#000000",
      "soldout-text": "#ffffff",
      "sale-color": "#ba2323",
      "newsletter-color": "#ffffff",
      "newsletter-background": "#708090",
      "newsletter-hover": "#ffffff",
      "newsletter-button-color": "#ffffff",
      "newsletter-button": "#708090",
      "newsletter-button-hover-color": "#d5b359",
      "footer-background": "#ffffff",
      "footer-color": "#000000",
      "footer-border": "#414141",
      "top_bar_size": "13px",
      "top_bar_weight": "600",
      "cart-links-size": "13px",
      "cart-weight": "800",
      "logo-font": "'Raleway', sans-serif",
      "logo-size": "36px",
      "logo-transform": "none",
      "logo-weight": "700",
      "navigation-font": "'Raleway', sans-serif",
      "nav_weight": "700",
      "nav_size": "14px",
      "drop-down-font-size": "12px",
      "navigation-transform": "uppercase",
      "drop-down-transform": "uppercase",
      "homepage_title_align": "left",
      "notification_font-size": "12px",
      "notification_font_weight": "700",
      "notification-border-style": "solid",
      "notification-border-width": "1px",
      "slide-title-font": "'Helvetica Neue', Helvetica, Arial, sans-serif",
      "slide-title-size": "26px",
      "slide-title-weight": "400",
      "caption-font": "'Raleway', sans-serif",
      "caption-size": "38px",
      "cta_size": "16px",
      "cta_weight": "700",
      "promo_size": "20px",
      "hidden_size": "16px",
      "font": "'Raleway', sans-serif",
      "headings_font": "'Raleway', sans-serif",
      "h1-size": "24px",
      "h2-size": "20px",
      "h3-size": "18px",
      "h4-size": "16px",
      "h5-size": "14px",
      "h6-size": "14px",
      "heading-weight": "normal",
      "font-size": "13px",
      "link-decoration": "none",
      "price-bold": false,
      "button-weight": "300",
      "nav-center": false,
      "nav-height": "40px",
      "linklist-breakpoint": "4",
      "nav_promo_image": false,
      "mega_1_show": false,
      "mega_1_links": "",
      "mega_2_show": false,
      "mega_2_links": "",
      "mega_3_show": false,
      "mega_3_links": "collections",
      "mega_4_show": false,
      "mega_4_links": "",
      "breadcrumb": true,
      "home_section_1": "",
      "home_section_2": "homepage-slideshow",
      "home_section_3": "homepage-image-gallery-1",
      "home_section_4": "homepage-collections",
      "home_section_5": "homepage-image-gallery-2",
      "home_section_6": "homepage-featured-products",
      "home_section_7": "homepage-blog-posts",
      "home_section_8": "",
      "thin-slideshow": false,
      "homepage-display": "slideshow",
      "video-embed": "<iframe width=\"2560\" height=\"1440\" src=\"\/\/www.youtube.com\/embed\/jTiFCEhZeC0?rel=0&autohide=1&showinfo=0\" frameborder=\"0\" allowfullscreen><\/iframe>",
      "slideshow-speed": "5000",
      "slide-1-check": true,
      "slide-1-caption": "",
      "slide-1-button": false,
      "slide_1_caption-align": "left",
      "slide-2-check": false,
      "slide-2-caption": "",
      "slide-2-button": false,
      "slide_2_caption-align": "left",
      "slide-3-check": false,
      "slide-3-caption": "",
      "slide-3-button": false,
      "slide_3_caption-align": "left",
      "slide-4-check": false,
      "slide-4-caption": "",
      "slide-4-button": false,
      "slide_4_caption-align": "left",
      "slide-5-check": false,
      "slide-5-caption": "",
      "slide-5-button": false,
      "slide_5_caption-align": "left",
      "g1_full_width": false,
      "promo_image_1": true,
      "image-width-1": "desktop-4 tablet-2",
      "promo_image_2": true,
      "image-width-2": "desktop-4 tablet-2",
      "promo_image_3": true,
      "image-width-3": "desktop-4 tablet-2",
      "promo_image_4": false,
      "image-width-4": "desktop-3 tablet-fourth",
      "promo_image_5": false,
      "image-width-5": "desktop-6 tablet-3",
      "promo_image_6": false,
      "image-width-6": "desktop-6 tablet-3",
      "g2_full_width": false,
      "promo_image_7": false,
      "image-width-7": "desktop-12 tablet-6",
      "promo_image_8": false,
      "image-width-8": "desktop-4 tablet-2",
      "promo_image_9": false,
      "image-width-9": "desktop-4 tablet-2",
      "promo_image_10": false,
      "image-width-10": "desktop-3 tablet-fourth",
      "promo_image_11": false,
      "image-width-11": "desktop-4 tablet-2",
      "promo_image_12": false,
      "image-width-12": "desktop-4 tablet-2",
      "homepage-product-limit": "48",
      "homepage-product-display": "carousel",
      "homepage-collection-linklist": "",
      "homepage-collection-limit": "12",
      "collection-sidebar": true,
      "collection_links_1": true,
      "collection_side_1": "",
      "collection_links_2": false,
      "collection_side_2": "",
      "collection_links_3": false,
      "collection_side_3": "",
      "collection_links_4": false,
      "collection_side_4": "",
      "shop_by_designer": false,
      "products_per_page": "24",
      "products-per-row": "4",
      "max-height": false,
      "quickview": false,
      "alternate_colors": false,
      "image-flip": true,
      "details-align": "left",
      "vendor": false,
      "filters": false,
      "sort_by": false,
      "sort-drop-down-a-check": true,
      "sort_a": "",
      "sort-drop-down-b-check": true,
      "sort_b": "",
      "sort-drop-down-c-check": true,
      "sort_c": "",
      "show-quantity": true,
      "thumbnails": "bottom",
      "show-sku": false,
      "related-products": "bottom",
      "popup_1": false,
      "popup_2": false,
      "popup_3": false,
      "popup_4": false,
      "blog-banner": true,
      "show-blog-instagram-feed": false,
      "show-twitter-feed": false,
      "show-facebook-like": false,
      "show-map": false,
      "cart_notes_enable": false,
      "ajax_cart_method": "drawer",
      "footer-blog-limit": "4",
      "footer-contact": true,
      "show-email": true,
      "show-phone": true,
      "show-address": true,
      "footer-1-links": "main-menu",
      "footer-2-links": "footer",
      "show_twitter": true,
      "show_facebook": true,
      "show_pinterest": true,
      "show_tumblr": true,
      "show_youtube": false,
      "show_googleplus": false,
      "show_instagram": true,
      "popup": true,
      "email_popup_image": true,
      "show_multiple_currencies": false,
      "currency_format": "money_with_currency_format",
      "checkout_use_header_image": false,
      "checkout_logo": "",
      "checkout_logo_position": "left",
      "checkout_logo_size": "medium",
      "checkout_use_body_background_image": false,
      "checkout_body_background_color": "#ffffff",
      "checkout_input_background_color_mode": "white",
      "checkout_use_sidebar_background_image": false,
      "checkout_sidebar_background_color": "#fafafa",
      "checkout_heading_font": "Helvetica Neue",
      "checkout_body_font": "Helvetica Neue",
      "checkout_accent_color": "#2a9dcc",
      "checkout_button_color": "#2a9dcc",
      "checkout_error_color": "#ff6d6d",
      "caption-align": "right",
      "caption-weight": "300",
      "dropdown-font-size": "11px",
      "dropdown-transform": "none",
      "nav_dropdown_color": "#a5a5a5",
      "dropdown_background_color": "#ffffff",
      "dropdown_hover_link_color": "#666666",
      "dropdown_hover_background_color": "#ffffff",
      "welcome-bar": false,
      "homepage-images": true,
      "image_grid": false,
      "homepage-products": false,
      "promo": true,
      "promo1_url": "\/collections\/all",
      "promo1_title": "",
      "promo1_hidden": "",
      "promo2_url": "\/collections\/all",
      "promo2_title": "",
      "promo2_hidden": "",
      "promo3_url": "\/collections\/all",
      "promo3_title": "",
      "promo3_hidden": "",
      "homepage-collections": false,
      "homepage-articles": false,
      "homepage-instagram": false,
      "product-listing-slider": true,
      "sort-dropdown-a-check": false,
      "sort-dropdown-b-check": false,
      "sort-dropdown-c-check": false,
      "popups": false,
      "footer_2": "",
      "footer_3": "",
      "custom_css": "",
      "checkout_banner_background_color": "#ffffff",
      "checkout_headline": "",
      "checkout_call_to_action_color": "#8fc243",
      "customer_layout": "theme",
      "decor": "#ffffff",
      "popup-one-title": "",
      "popup-two-title": "",
      "popup-three-title": "",
      "popup-four-title": "",
      "homepage-collection-display": "grid",
      "homepage-products2": "true",
      "homepage-collection2": "favourites",
      "homepage-product-limit2": "20",
      "home-collection-linklist": "",
      "sort-a": "",
      "sort-b": "",
      "sort-c": "",
      "show_rss": "false",
      "american_express": "true",
      "dankort": "false",
      "diners": "false",
      "discover": "false",
      "forbru": "false",
      "google": "false",
      "jcb": "false",
      "maestro": "true",
      "mastercard": "true",
      "paypal": "true",
      "solo": "false",
      "visa": "true",
      "smart-collection": "true",
      "collection-links-1": "true",
      "collection-linklist-1-title": "Shop",
      "collection-side-1": "shop",
      "collection-links-2": "false",
      "collection-linklist-2-title": "Select a linklist",
      "collection-side-2": "",
      "collection-links-3": "false",
      "collection-linklist-3-title": "Select a linklist",
      "collection-side-3": "",
      "collection-links-4": "false",
      "collection-linklist-4-title": "Select a linklist",
      "collection-side-4": "",
      "shop-by-designer": "false",
      "shop-by-designer-title": "",
      "slide-1-mask": "false",
      "slide-2-mask": "false",
      "slide-3-mask": "false",
      "slide-4-mask": "false",
      "slide-5-mask": "false",
      "homepage-collection_2": "favourites",
      "homepage-product-limit_2": "20",
      "cta_border": "#cfaeae",
      "cta_border_hover": "#cfaeae",
      "button-border": "false",
      "button-border-color": "#ffffff",
      "homepage-blog-title": "",
      "homepage-collections-title": "",
      "homepage-collection-title": "",
      "type-background": "#ffffff",
      "shop-by-type": "false",
      "footer-text": "#aaaaaa",
      "footer-hover-link": "#d5d5d5",
      "footer_hover_color": "#ffffff",
      "credit": "true",
      "homepage-blog-title-color": "#000000",
      "blog-background-color": "#f7f7f7",
      "homepage-products-title-color": "#aaaaaa",
      "homepage-products-background": "#ffffff",
      "homepage-collections-title-color": "#444444",
      "homepage-collections-background": "#fdfcf7",
      "leftlink": "\/collections\/all",
      "midlink": "\/collections\/all",
      "rightlink": "\/collections\/all",
      "checkout_use_logo_image": "false",
      "order-summary-background": "#fafafa",
      "signup-text": "Signup for Email updates",
      "popup-2": "true",
      "popup-3": "false",
      "popup-4": "true",
      "welcome-1": "Welcome Message 1",
      "welcome-2": "Welcome Message 2",
      "welcome-3": "Welcome Message 3",
      "articles": "false",
      "instagram_url": "enter url",
      "soundcloud-playlist": "https:\/\/soundcloud.com\/moby\/sets\/innocents",
      "soundcloud": "true",
      "use-blog-background-image": "true",
      "mask": "true",
      "homepage-contact-title": "Reach out",
      "homepage-contact-title-color": "#444",
      "contact-background-color": "#f7f7f7",
      "homepage-contact": "true",
      "use-contact-background-image": "true",
      "contact-mask": "true",
      "slide6_url": "\/collections\/all",
      "slide6_alt": "Slide 6 Alt Text",
      "slide7_url": "\/collections\/all",
      "slide7_alt": "Slide 7 Alt Text",
      "slide8_url": "\/collections\/all",
      "slide8_alt": "Slide 8 Alt Text",
      "slide9_url": "\/collections\/all",
      "slide9_alt": "Slide 9 Alt Text",
      "slide10_url": "\/collections\/all",
      "slide10_alt": "Slide 10 Alt Text",
      "slide-6-check": "false",
      "slide-7-check": "false",
      "slide-8-check": "false",
      "slide-9-check": "false",
      "slide-10-check": "false",
      "homepage-left-1-url": "\/collections\/all",
      "homepage-left-1-alt": "homepage-left-1-alt",
      "homepage-left-2-url": "\/collections\/all",
      "homepage-left-2-alt": "homepage-left-2-alt",
      "homepage-right-1-url": "\/collections\/all",
      "homepage-right-1-alt": "homepage-right-1-alt",
      "homepage-right-2-url": "\/collections\/all",
      "homepage-right-2-alt": "homepage-right-2-alt",
      "homepage-right-3-url": "\/collections\/all",
      "homepage-right-3-alt": "homepage-right-3-alt",
      "layout-choose": "slideshow",
      "show-sizes": "true",
      "vimeo_url": "Full Vimeo URL",
      "blogger_url": "Full Blogger URL",
      "wordpress_url": "Full Wordpress URL",
      "show_blogger": "false",
      "show_wordpress": "false",
      "footer-1-title": "Featured Collections",
      "footer-2-title": "Best Selling",
      "footer-3-title": "Information",
      "footer-4-title": "Follow us",
      "show_vimeo": "true",
      "nav_border": "#d5d5d5",
      "client-id": "Instagram Client ID",
      "hashtag": "shopify",
      "instagram-label": "#shopify on Instagram",
      "instagram": "true",
      "product-border": "true",
      "collection-1": "shop",
      "collection-2": "frontpage",
      "collection-3": "shop",
      "footer-1": "shop",
      "footer-2": "best-selling",
      "footer-3": "information",
      "video_embed": "<iframe width=\"2560\" height=\"1440\" src=\"\/\/www.youtube.com\/embed\/jTiFCEhZeC0?rel=0&autohide=1&showinfo=0\" frameborder=\"0\" allowfullscreen><\/iframe>"
    },
    "galleria": {
      "full-width-header": false,
      "logo-center": true,
      "use_logo_image": false,
      "password_bg": "yes",
      "logo_color": "#777777",
      "bg": "no_bg",
      "background-position": "left top",
      "background-repeat": "no-repeat",
      "background": "#ffffff",
      "header-background": "#ffffff",
      "top_bar_background": "#ffffff",
      "top_bar_color": "#151313",
      "social-links": "#000000",
      "social-links-hover": "#000000",
      "cart-links": "#000000",
      "cart-links-hover": "#000000",
      "navigation": "#000000",
      "nav_color": "#ffffff",
      "nav_hover_color": "#000000",
      "nav_hover_link_color": "#ffffff",
      "nav_drop-down_color": "#000000",
      "drop-down_background_color": "#ffffff",
      "drop-down_hover_link_color": "#000000",
      "drop-down_hover_background_color": "#ffffff",
      "caption-color": "#ffffff",
      "cta_color": "#ffffff",
      "cta_color_hover": "#ffffff",
      "cta_background": "#000000",
      "cta_background_hover": "#000000",
      "notification_background": "#ffffff",
      "notification_color": "#000000",
      "notification-border-color": "#222222",
      "promo_color": "#ffffff",
      "hidden_color": "#ffffff",
      "header-color": "#333333",
      "text_color": "#000000",
      "link_color": "#000000",
      "link_hover_color": "#000000",
      "dotted_color": "#eeeeee",
      "button_color": "#000000",
      "button_text": "#ffffff",
      "button_hover": "#333333",
      "button_text_hover": "#ffffff",
      "read-more-background": "#000000",
      "read-more-hover-background": "#000000",
      "read-more-link-color": "#ffffff",
      "read-more-link-hover-color": "#ffffff",
      "directional-background": "#000000",
      "directional-hover-background": "#ffffff",
      "directional-color": "#ffffff",
      "directional-hover-color": "#000000",
      "icons": "#d5d5d5",
      "icons-hover": "#aaaaaa",
      "new-background": "#222222",
      "new-text": "#ffffff",
      "sale-background": "#fc5b4f",
      "sale-text": "#ffffff",
      "soldout-background": "#000000",
      "soldout-text": "#ffffff",
      "sale-color": "#fc5b4f",
      "newsletter-color": "#ffffff",
      "newsletter-background": "#000000",
      "newsletter-hover": "#ffffff",
      "newsletter-button-color": "#ffffff",
      "newsletter-button": "#000000",
      "newsletter-button-hover-color": "#000000",
      "footer-background": "#ffffff",
      "footer-color": "#000000",
      "footer-border": "#eeeeee",
      "top_bar_size": "13px",
      "top_bar_weight": "600",
      "cart-links-size": "12px",
      "cart-weight": "800",
      "logo-font": "'Roboto', sans-serif;",
      "logo-size": "32px",
      "logo-transform": "uppercase",
      "logo-weight": "700",
      "navigation-font": "'Roboto', sans-serif;",
      "nav_weight": "400",
      "nav_size": "13px",
      "drop-down-font-size": "11px",
      "navigation-transform": "uppercase",
      "drop-down-transform": "uppercase",
      "homepage_title_align": "center",
      "notification_font-size": "13px",
      "notification_font_weight": "400",
      "notification-border-style": "solid",
      "notification-border-width": "1px",
      "caption-align": "center",
      "caption-font": "'Montserrat', sans-serif",
      "caption-size": "38px",
      "caption-weight": "300",
      "cta_size": "16px",
      "cta_weight": "700",
      "promo_size": "20px",
      "hidden_size": "16px",
      "font": "'Roboto', sans-serif;",
      "headings_font": "'Roboto', sans-serif;",
      "h1-size": "26px",
      "h2-size": "20px",
      "h3-size": "18px",
      "h4-size": "16px",
      "h5-size": "14px",
      "h6-size": "14px",
      "heading-weight": "normal",
      "font-size": "13px",
      "link-decoration": "none",
      "price-bold": true,
      "button-weight": "400",
      "nav-center": true,
      "nav-height": "50px",
      "linklist-breakpoint": "4",
      "nav_promo_image": true,
      "mega_1_show": true,
      "mega_1_links": "blog",
      "mega_2_show": true,
      "mega_2_links": "main-menu",
      "mega_3_show": true,
      "mega_3_links": "collections",
      "mega_4_show": true,
      "mega_4_links": "shop",
      "breadcrumb": true,
      "home_section_1": "",
      "home_section_2": "homepage-slideshow",
      "home_section_3": "homepage-image-gallery-1",
      "home_section_4": "homepage-collections",
      "home_section_5": "homepage-image-gallery-2",
      "home_section_6": "homepage-featured-products",
      "home_section_7": "homepage-blog-posts",
      "home_section_8": "",
      "thin-slideshow": false,
      "homepage-display": "slideshow",
      "video-embed": "<iframe width=\"2560\" height=\"1440\" src=\"\/\/www.youtube.com\/embed\/jTiFCEhZeC0?rel=0&autohide=1&showinfo=0\" frameborder=\"0\" allowfullscreen><\/iframe>",
      "slideshow-speed": "6000",
      "slide-1-check": true,
      "slide-1-button": false,
      "slide-2-check": true,
      "slide-2-button": false,
      "slide-3-check": true,
      "slide-3-button": false,
      "slide-4-check": false,
      "slide-4-button": false,
      "slide-5-check": false,
      "slide-5-button": false,
      "g1_full_width": false,
      "promo_image_1": true,
      "image-width-1": "desktop-3 tablet-fourth",
      "promo_image_2": true,
      "image-width-2": "desktop-3 tablet-fourth",
      "promo_image_3": true,
      "image-width-3": "desktop-3 tablet-fourth",
      "promo_image_4": true,
      "image-width-4": "desktop-3 tablet-fourth",
      "promo_image_5": false,
      "image-width-5": "desktop-6 tablet-3",
      "promo_image_6": false,
      "image-width-6": "desktop-6 tablet-3",
      "g2_full_width": true,
      "promo_image_7": true,
      "image-width-7": "desktop-12 tablet-6",
      "promo_image_8": false,
      "image-width-8": "desktop-4 tablet-2",
      "promo_image_9": false,
      "image-width-9": "desktop-4 tablet-2",
      "promo_image_10": false,
      "image-width-10": "desktop-3 tablet-fourth",
      "promo_image_11": false,
      "image-width-11": "desktop-4 tablet-2",
      "promo_image_12": false,
      "image-width-12": "desktop-4 tablet-2",
      "homepage-product-limit": "20",
      "homepage-product-display": "carousel",
      "homepage-collection-linklist": "",
      "homepage-collection-limit": "12",
      "collection-sidebar": true,
      "collection_links_1": true,
      "collection_side_1": "",
      "collection_links_2": true,
      "collection_side_2": "",
      "collection_links_3": false,
      "collection_side_3": "",
      "collection_links_4": false,
      "collection_side_4": "",
      "shop_by_designer": false,
      "products_per_page": "24",
      "products-per-row": "4",
      "max-height": false,
      "quickview": false,
      "alternate_colors": true,
      "image-flip": true,
      "details-align": "center",
      "vendor": true,
      "filters": true,
      "sort_by": true,
      "sort-drop-down-a-check": true,
      "sort_a": "",
      "sort-drop-down-b-check": true,
      "sort_b": "",
      "sort-drop-down-c-check": true,
      "sort_c": "",
      "show-quantity": true,
      "thumbnails": "left",
      "show-sku": false,
      "related-products": "right",
      "popup_1": true,
      "popup_2": false,
      "popup_3": false,
      "popup_4": true,
      "blog-banner": true,
      "show-blog-instagram-feed": false,
      "show-twitter-feed": false,
      "show-facebook-like": false,
      "show-map": false,
      "cart_notes_enable": false,
      "ajax_cart_method": "drawer",
      "footer-blog-limit": "4",
      "footer-contact": true,
      "show-email": true,
      "show-phone": true,
      "show-address": true,
      "footer-1-links": "main-menu",
      "footer-2-links": "footer",
      "show_twitter": true,
      "show_facebook": true,
      "show_pinterest": true,
      "show_tumblr": true,
      "show_youtube": false,
      "show_googleplus": false,
      "show_instagram": false,
      "popup": true,
      "email_popup_image": false,
      "show_multiple_currencies": false,
      "currency_format": "money_with_currency_format",
      "checkout_use_header_image": false,
      "checkout_logo": "",
      "checkout_logo_position": "left",
      "checkout_logo_size": "medium",
      "checkout_use_body_background_image": false,
      "checkout_body_background_color": "#ffffff",
      "checkout_input_background_color_mode": "white",
      "checkout_use_sidebar_background_image": false,
      "checkout_sidebar_background_color": "#fafafa",
      "checkout_heading_font": "Helvetica Neue",
      "checkout_body_font": "Helvetica Neue",
      "checkout_accent_color": "#2a9dcc",
      "checkout_button_color": "#2a9dcc",
      "checkout_error_color": "#ff6d6d",
      "nav_dropdown_color": "#ffffff",
      "dropdown_background_color": "#000000",
      "dropdown_hover_link_color": "#ffffff",
      "dropdown_hover_background_color": "#000000",
      "dropdown-font-size": "12px",
      "dropdown-transform": "none",
      "product-listing-slider": false,
      "sort-dropdown-a-check": true,
      "sort-dropdown-b-check": true,
      "sort-dropdown-c-check": true,
      "footer_2": "",
      "checkout_banner_background_color": "#ffffff",
      "checkout_call_to_action_color": "#8fc243"
    }
  },
  "current": {
    "full-width-header": false,
    "top_bar_message": "",
    "logo-center": false,
    "use_logo_image": true,
    "password_bg": "yes",
    "logo_color": "#777777",
    "bg": "no_bg",
    "background-position": "left top",
    "background-repeat": "no-repeat",
    "background": "#ffffff",
    "header-background": "#ffffff",
    "top_bar_background": "#ffffff",
    "top_bar_color": "#c41949",
    "social-links": "#000000",
    "social-links-hover": "#c41949",
    "cart-links": "#000000",
    "cart-links-hover": "#c41949",
    "navigation": "#f6f6f6",
    "nav_color": "#000000",
    "nav_hover_color": "#f6f6f6",
    "nav_hover_link_color": "#c41949",
    "nav_drop-down_color": "#000000",
    "drop-down_background_color": "#ffffff",
    "drop-down_hover_link_color": "#000000",
    "drop-down_hover_background_color": "#ffffff",
    "slide-title-color": "#ffffff",
    "caption-color": "#ffffff",
    "caption-background": "rgba(0,0,0,0)",
    "caption-rgba": false,
    "caption-rgba-color": "255,255,255,0.4",
    "cta_color": "#000000",
    "cta_color_hover": "#757575",
    "cta_background": "#ffffff",
    "cta_background_hover": "#ffffff",
    "notification_background": "#ffffff",
    "notification_color": "#000000",
    "notification-border-color": "#222222",
    "promo_color": "#ffffff",
    "hidden_color": "#ffffff",
    "header-color": "#333333",
    "text_color": "#000000",
    "link_color": "#000000",
    "link_hover_color": "#000000",
    "dotted_color": "#eeeeee",
    "button_color": "#000000",
    "button_text": "#ffffff",
    "button_hover": "#333333",
    "button_text_hover": "#ffffff",
    "read-more-background": "#000000",
    "read-more-hover-background": "#000000",
    "read-more-link-color": "#ffffff",
    "read-more-link-hover-color": "#ffffff",
    "directional-background": "rgba(0,0,0,0)",
    "directional-hover-background": "rgba(0,0,0,0)",
    "directional-color": "#ffffff",
    "directional-hover-color": "#ffffff",
    "icons": "#d5d5d5",
    "icons-hover": "#aaaaaa",
    "new-background": "#222222",
    "new-text": "#ffffff",
    "sale-background": "#c41949",
    "sale-text": "#ffffff",
    "soldout-background": "#000000",
    "soldout-text": "#ffffff",
    "sale-color": "#c41949",
    "newsletter-color": "#ffffff",
    "newsletter-background": "#000000",
    "newsletter-hover": "#ffffff",
    "newsletter-button-color": "#ffffff",
    "newsletter-button": "#000000",
    "newsletter-button-hover-color": "#000000",
    "footer-background": "#ffffff",
    "footer-color": "#000000",
    "footer-border": "#eeeeee",
    "top_bar_size": "16px",
    "top_bar_weight": "400",
    "cart-links-size": "13px",
    "cart-weight": "400",
    "logo-font": "'Roboto', sans-serif;",
    "logo-size": "32px",
    "logo-transform": "uppercase",
    "logo-weight": "700",
    "navigation-font": "'Roboto', sans-serif;",
    "nav_weight": "400",
    "nav_size": "15px",
    "drop-down-font-size": "11px",
    "navigation-transform": "uppercase",
    "drop-down-transform": "uppercase",
    "homepage_title_align": "center",
    "notification_font-size": "13px",
    "notification_font_weight": "400",
    "notification-border-style": "solid",
    "notification-border-width": "1px",
    "slide-title-font": "'Oswald', sans-serif",
    "slide-title-size": "72px",
    "slide-title-weight": "700",
    "caption-font": "'Helvetica Neue', Helvetica, Arial, sans-serif",
    "caption-size": "24px",
    "cta_size": "16px",
    "cta_weight": "700",
    "promo_size": "20px",
    "hidden_size": "16px",
    "font": "'Helvetica Neue', Helvetica, Arial, sans-serif",
    "headings_font": "'Helvetica Neue', Helvetica, Arial, sans-serif",
    "h1-size": "26px",
    "h2-size": "28px",
    "h3-size": "24px",
    "h4-size": "18px",
    "h5-size": "14px",
    "h6-size": "12px",
    "heading-weight": "normal",
    "font-size": "15px",
    "link-decoration": "underline",
    "price-bold": true,
    "button-weight": "400",
    "nav-center": false,
    "nav-height": "54px",
    "linklist-breakpoint": "6",
    "megadropdown_link": "Wigs",
    "nav_promo_image": true,
    "nav_promo_link": "https:\/\/www.wigs.com\/pages\/how-to-find-your-wig-size",
    "mega_1_show": true,
    "mega_1_links": "shop-wigs-by-department",
    "mega_2_show": true,
    "mega_2_links": "shop-by-color",
    "mega_3_show": true,
    "mega_3_links": "wigs-shop-by-hairstyle",
    "mega_4_show": true,
    "mega_4_links": "wigs-dropdown",
    "breadcrumb": true,
    "home_section_1": "",
    "home_section_2": "homepage-slideshow",
    "home_section_3": "",
    "home_section_4": "",
    "home_section_5": "",
    "home_section_6": "",
    "home_section_7": "",
    "home_section_8": "",
    "welcome_1": "",
    "welcome_1_link": "",
    "welcome_2": "",
    "welcome_2_link": "",
    "welcome_3": "",
    "welcome_3_link": "",
    "thin-slideshow": false,
    "homepage-display": "slideshow",
    "video-embed": "<iframe width=\"2560\" height=\"1440\" src=\"\/\/www.youtube.com\/embed\/IPCf-r7Q3N8?rel=0&autohide=1&showinfo=0\" frameborder=\"0\" allowfullscreen=\"\"><\/iframe>",
    "slideshow-speed": "6000",
    "slide-1-check": true,
    "mobile-slide-1-check": true,
    "slide1_url": "\/pages\/bfcm-november-2020",
    "slide1_alt": "Shop Our Biggest Sale of the Year!",
    "slide-1-title": "",
    "slide-1-caption": "",
    "slide-1-button": false,
    "slide-1-button-text": "",
    "slide_1_caption-align": "left",
    "slide_1_caption-position": "75%",
    "slide-2-check": true,
    "mobile-slide-2-check": true,
    "slide2_url": "\/collections\/ellen-wille-perucci-wig-collection",
    "slide2_alt": "Shop NEW Ellen Wille Wigs",
    "slide-2-title": "",
    "slide-2-caption": "",
    "slide-2-button": false,
    "slide-2-button-text": "SHOP NOW",
    "slide_2_caption-align": "left",
    "slide_2_caption-position": "75%",
    "slide-3-check": true,
    "mobile-slide-3-check": true,
    "slide3_url": "\/collections\/wigs-for-winter",
    "slide3_alt": "Shop Best Selling Wigs",
    "slide-3-title": "",
    "slide-3-caption": "",
    "slide-3-button": false,
    "slide-3-button-text": "",
    "slide_3_caption-align": "left",
    "slide_3_caption-position": "70%",
    "slide-4-check": false,
    "mobile-slide-4-check": false,
    "slide4_url": "\/collections\/jon-renau-wigs",
    "slide4_alt": "Shop All Jon Renau Wigs",
    "slide-4-title": "",
    "slide-4-caption": "",
    "slide-4-button": false,
    "slide-4-button-text": "SHOP NOW",
    "slide_4_caption-align": "left",
    "slide_4_caption-position": "75%",
    "slide-5-check": false,
    "mobile-slide-5-check": false,
    "slide5_url": "\/collections\/clearance-sale",
    "slide5_alt": "40% OFF Clearance Sale Event!",
    "slide-5-title": "",
    "slide-5-caption": "",
    "slide-5-button": false,
    "slide-5-button-text": "",
    "slide_5_caption-align": "left",
    "slide_5_caption-position": "75%",
    "slide-6-check": false,
    "mobile-slide-6-check": false,
    "slide6_url": "\/collections\/all",
    "slide6_alt": "Slide 6 Alt Text",
    "slide-6-title": "add a title or leave blank",
    "slide-6-caption": "",
    "slide-6-button": false,
    "slide-6-button-text": "Add Call to Action",
    "slide_6_caption-align": "left",
    "slide_6_caption-position": "55%",
    "g1_full_width": true,
    "promo_image_1": true,
    "image-width-1": "desktop-4 tablet-2",
    "image_grid1_url": "\/collections\/short-wigs",
    "image_grid1_title": "",
    "image_grid1_hidden": "SHOP ALL SHORT WIGS",
    "promo_image_2": true,
    "image-width-2": "desktop-4 tablet-2",
    "image_grid2_url": "\/collections\/long-wigs",
    "image_grid2_title": "",
    "image_grid2_hidden": "SHOP ALL LONG WIGS",
    "promo_image_3": true,
    "image-width-3": "desktop-4 tablet-2",
    "image_grid3_url": "\/collections\/colored-wigs",
    "image_grid3_title": "",
    "image_grid3_hidden": "SHOP ALL COLORED WIGS",
    "promo_image_4": false,
    "image-width-4": "desktop-4 tablet-2",
    "image_grid4_url": "\/pages\/chocolate-collection-jon-renau",
    "image_grid4_title": "",
    "image_grid4_hidden": "",
    "promo_image_5": false,
    "image-width-5": "desktop-6 tablet-3",
    "image_grid5_url": "\/collections\/all",
    "image_grid5_title": "",
    "image_grid5_hidden": "",
    "promo_image_6": false,
    "image-width-6": "desktop-6 tablet-3",
    "image_grid6_url": "\/collections\/all",
    "image_grid6_title": "",
    "image_grid6_hidden": "",
    "g2_full_width": true,
    "promo_image_7": true,
    "image-width-7": "desktop-4 tablet-2",
    "image_grid7_url": "\/collections\/ellen-wille",
    "image_grid7_title": "",
    "image_grid7_hidden": "SHOP ELLEN WILLE WIGS",
    "promo_image_8": true,
    "image-width-8": "desktop-4 tablet-2",
    "image_grid8_url": "\/collections\/raquel-welch",
    "image_grid8_title": "",
    "image_grid8_hidden": "SHOP RAQUEL WELCH WIGS",
    "promo_image_9": true,
    "image-width-9": "desktop-4 tablet-2",
    "image_grid9_url": "\/collections\/jon-renau-wigs-hairpieces",
    "image_grid9_title": "",
    "image_grid9_hidden": "SHOP JON RENAU WIGS",
    "promo_image_10": true,
    "image-width-10": "desktop-4 tablet-2",
    "image_grid10_url": "\/collections\/noriko",
    "image_grid10_title": "",
    "image_grid10_hidden": "Shop Noriko",
    "promo_image_11": true,
    "image-width-11": "desktop-4 tablet-2",
    "image_grid11_url": "https:\/\/www.wigs.com\/pages\/hair-toppers-101",
    "image_grid11_title": "",
    "image_grid11_hidden": "LEARN MORE",
    "promo_image_12": true,
    "image-width-12": "desktop-4 tablet-2",
    "image_grid12_url": "\/collections\/wigs",
    "image_grid12_title": "",
    "image_grid12_hidden": "Shop All Wigs",
    "homepage-collection": "homepage-collection",
    "homepage-product-limit": "4",
    "homepage-product-display": "grid",
    "homepage-collection-linklist": "wigs-shop-by-top-brands",
    "homepage-collection-limit": "5",
    "homepage-blog": "news",
    "instagram-user-id": "42713395",
    "instagram-access-token": "42713395.5ea0515.a66b1833f65644e1bab6fb68b3552c03",
    "collection-sidebar": false,
    "collection_links_1": true,
    "collection_linklist_1_title": "Shop by Hairstyle",
    "collection_side_1": "wigs-shopping-menu",
    "collection_links_2": true,
    "collection_linklist_2_title": "Shop Hairpieces",
    "collection_side_2": "hair-pieces-shopping-menu",
    "collection_links_3": true,
    "collection_linklist_3_title": "Blog",
    "collection_side_3": "",
    "collection_links_4": true,
    "collection_linklist_4_title": "Collections",
    "collection_side_4": "",
    "shop_by_designer": true,
    "shop_by_designer_title": "Designers",
    "products_per_page": "24",
    "products-per-row": "4",
    "max-height": false,
    "desktop-image-height": "",
    "tablet-image-height": "",
    "mobile-image-height": "",
    "quickview": false,
    "alternate_colors": false,
    "image-flip": false,
    "details-align": "center",
    "vendor": true,
    "filters": true,
    "sort_by": true,
    "sort-drop-down-a-check": true,
    "sort_a": "Short, Mid-Length, Long",
    "sort-drop-down-b-check": true,
    "sort_b": "Average, Large, Petite",
    "sort-drop-down-c-check": true,
    "sort_c": "Human Hair, Synthetic Hair, HH\/Syn Blend, Human Hair | Remy, Synthetic Heat Friendly",
    "show-quantity": true,
    "thumbnails": "left",
    "show-sku": false,
    "related-products": "bottom",
    "popup_1": true,
    "popup-one": "how-to-find-your-wig-size",
    "popup_2": true,
    "popup-two": "how-to-choose-color-content",
    "popup_3": true,
    "popup-three": "how-to-wash-a-wig",
    "popup_4": true,
    "blog-banner": false,
    "show-blog-instagram-feed": true,
    "show-twitter-feed": false,
    "twitter-widget": "",
    "show-facebook-like": false,
    "show-map": false,
    "map": "",
    "cart_notes_enable": true,
    "ajax_cart_method": "drawer",
    "footer-blog": "news",
    "footer-blog-limit": "5",
    "footer-contact": true,
    "show-email": true,
    "email": "sales@wigs.com",
    "show-phone": true,
    "phone": "800-581-2001 | M-F 8:00am - 6:30pm (CST)",
    "show-address": true,
    "address": "12001 N. Central Expressway, Suite 950 | Dallas, TX 75243 - USA",
    "footer-1-links": "main-menu",
    "footer-2-links": "footer",
    "show_twitter": true,
    "twittername": "https:\/\/twitter.com\/wigscom",
    "show_facebook": true,
    "facebook_url": "https:\/\/www.facebook.com\/wigsonline\/",
    "show_pinterest": true,
    "pinterest_url": "https:\/\/www.pinterest.com\/wigscom\/",
    "show_tumblr": false,
    "tumblr_url": "",
    "show_youtube": true,
    "youtube_url": "https:\/\/www.youtube.com\/user\/wigscom",
    "show_googleplus": false,
    "googleplus_url": "",
    "show_instagram": true,
    "instagram-id": "wigs_com",
    "popup": false,
    "email_popup_image": false,
    "mailchimp": "",
    "show_multiple_currencies": false,
    "currency_format": "money_with_currency_format",
    "supported_currencies": "CAD GBP AUD SGD EUR",
    "default_currency": "GBP",
    "points_name": "Points",
    "earn_points_value": "$1 = 2 points",
    "spent_points_value": "100 Points = $1",
    "colour_scheme": "blue",
    "about_program": "To demonstrate how much we cherish our loyal customers, you can gain reward points in more ways than purchasing your favorite products.",
    "welcome_points": true,
    "points_for_account": "300",
    "st_follow_facebook": true,
    "points_for_facebook": "100",
    "st_share_facebook": true,
    "points_for_share_fb": "50",
    "st_follow_twitter": true,
    "points_for_twitter": "100",
    "st_share_twitter": true,
    "points_for_share_tw": "50",
    "st_follow_instagram": true,
    "points_for_instagram": "100",
    "birthday_points": true,
    "points_for_birthday": "500",
    "review_points": false,
    "points_for_review": "",
    "referral_program": true,
    "referral_description": "Here at our store, we firmly believe that sharing is caring. So now you've discovered our plant-powered products, it's time to get social. Invite your friends to our store and be instantly rewarded with reward points. And if they love them just as much as you do, you will continue to be rewarded again and again!",
    "points_for_referral": "500",
    "rewards": true,
    "spending_description": "Now that you have some hard earned points, here's how you can spend them.",
    "reward_1": true,
    "reward_1_amt": "5",
    "reward_1_type": "off",
    "reward_1_points": "500",
    "reward_2": true,
    "reward_2_amt": "10",
    "reward_2_type": "off",
    "reward_2_points": "1000",
    "reward_3": true,
    "reward_3_amt": "20",
    "reward_3_type": "off",
    "reward_3_points": "2000",
    "reward_4": false,
    "reward_4_amt": "",
    "reward_4_type": "%",
    "reward_4_points": "",
    "reward_5": false,
    "reward_5_amt": "",
    "reward_5_type": "%",
    "reward_5_points": "",
    "reward_6": false,
    "reward_6_amt": "",
    "reward_6_type": "%",
    "reward_6_points": "",
    "reward_7": false,
    "reward_7_amt": "",
    "reward_7_type": "%",
    "reward_7_points": "",
    "reward_8": false,
    "reward_8_amt": "",
    "reward_8_type": "%",
    "reward_8_points": "",
    "reward_freeship": false,
    "reward_freeship_points": "",
    "giftcard": false,
    "points_for_giftcard": "",
    "amt_for_giftcard": "",
    "enable_faq": true,
    "st_question_1": "How Do I Spend Points?",
    "st_answer_1": "You can spend your points by click on the points tab while logged into your customer account. Under the Reward section, you can click Redeem next to the reward you want to claim it!You can spend your points by click on the points tab while logged into your customer account. Under the Reward section, you can click Redeem next to the reward you want to claim it!",
    "st_question_2": "How much does it cost to join?",
    "st_answer_2": "Our loyalty program is totally free! We do it to say 'thank you' to our awesome customers!",
    "st_question_3": "Is there a limit to how many order points I can get?",
    "st_answer_3": "Of course not! We want to reward your loyal orders!",
    "st_question_4": "",
    "st_answer_4": "",
    "st_question_5": "",
    "st_answer_5": "",
    "st_question_6": "",
    "st_answer_6": "",
    "st_question_7": "",
    "st_answer_7": "",
    "st_question_8": "",
    "st_answer_8": "",
    "st_question_9": "",
    "st_answer_9": "",
    "st_question_10": "",
    "st_answer_10": "",
    "checkout_header_image": "",
    "checkout_use_storefront_logo": true,
    "checkout_logo_image": "",
    "checkout_logo_position": "left",
    "checkout_logo_size": "large",
    "checkout_body_background_image": "",
    "checkout_body_background_color": "#ffffff",
    "checkout_input_background_color_mode": "white",
    "checkout_sidebar_background_image": "",
    "checkout_sidebar_background_color": "#fafafa",
    "checkout_heading_font": "Helvetica Neue",
    "checkout_body_font": "Helvetica Neue",
    "checkout_accent_color": "#006ab6",
    "checkout_button_color": "#006ab6",
    "checkout_error_color": "#eb0d0d",
    "checkout_use_header_image": false,
    "checkout_logo": "",
    "checkout_use_body_background_image": false,
    "checkout_use_sidebar_background_image": false,
    "caption-align": "center",
    "caption-position": "30%",
    "caption-weight": "300",
    "linklist-break": "5",
    "multicolumn": "3",
    "footer-content": true,
    "footer_2": "",
    "product-listing-slider": true,
    "checkout_banner_background_color": "#ffffff",
    "checkout_headline": "",
    "checkout_call_to_action_color": "#8fc243",
    "nav_dropdown_color": "#ffffff",
    "dropdown_background_color": "#333333",
    "dropdown_hover_link_color": "#ffffff",
    "dropdown_hover_background_color": "#000000",
    "dropdown-font-size": "11px",
    "dropdown-transform": "none",
    "sort-dropdown-a-check": false,
    "sort-dropdown-b-check": false,
    "sort-dropdown-c-check": false,
    "popups": false,
    "custom_css": "",
    "footer_3": "",
    "welcome-bar": true,
    "homepage-images": true,
    "image_grid": true,
    "homepage-products": true,
    "promo": true,
    "promo1_url": "\/collections\/all",
    "promo1_title": "",
    "promo1_hidden": "",
    "promo2_url": "\/collections\/all",
    "promo2_title": "",
    "promo2_hidden": "",
    "promo3_url": "\/collections\/all",
    "promo3_title": "",
    "promo3_hidden": "",
    "homepage-collections": false,
    "homepage-articles": true,
    "homepage-instagram": false,
    "password_page_background": "#fff",
    "password_page_logo_color": "#ffffff",
    "password_page_text_area_background": "rgba(0,0,0,0)",
    "password_page_text_area_color": "#ffffff",
    "password_page_text_area_size": "12px",
    "password_page_email_background": "rgba(0,0,0,0)",
    "password_page_email_border": "#ffffff",
    "password_page_email-color": "#ffffff",
    "password_page_subscribe_color": "#ffffff",
    "password_page_subscribe_background": "rgba(0,0,0,0)",
    "password_page_subscribe_border": "#fff",
    "password_page_slideout_toggle_color": "#fff",
    "password_page_slideout_background": "#000000",
    "password_page_slideout_text": "#ffffff",
    "password_page_icons_color": "#fff",
    "password_page_icons_hover_color": "#d9d9d9",
    "customer_layout": "theme",
    "decor": "#ffffff",
    "popup-one-title": "Size Guide",
    "popup-two-title": "",
    "popup-three-title": "",
    "popup-four-title": "Ask us a question",
    "homepage-collection-display": "grid",
    "homepage-products2": "true",
    "homepage-collection2": "favourites",
    "homepage-product-limit2": "20",
    "home-collection-linklist": "catalog",
    "sort-a": "",
    "sort-b": "",
    "sort-c": "",
    "show_rss": "false",
    "american_express": "true",
    "dankort": "false",
    "diners": "false",
    "discover": "false",
    "forbru": "false",
    "google": "false",
    "jcb": "false",
    "maestro": "true",
    "mastercard": "true",
    "paypal": "true",
    "solo": "false",
    "visa": "true",
    "smart-collection": "true",
    "collection-links-1": "true",
    "collection-linklist-1-title": "Shop",
    "collection-side-1": "catalog",
    "collection-links-2": "true",
    "collection-linklist-2-title": "Select a linklist",
    "collection-side-2": "",
    "collection-links-3": "true",
    "collection-linklist-3-title": "Select a linklist",
    "collection-side-3": "",
    "collection-links-4": "true",
    "collection-linklist-4-title": "Select a linklist",
    "collection-side-4": "",
    "shop-by-designer": "false",
    "shop-by-designer-title": "",
    "slide-1-mask": "false",
    "slide-2-mask": "false",
    "slide-3-mask": "false",
    "slide-4-mask": "false",
    "slide-5-mask": "false",
    "homepage-collection_2": "favourites",
    "homepage-product-limit_2": "20",
    "cta_border": "#cfaeae",
    "cta_border_hover": "#cfaeae",
    "button-border": "true",
    "button-border-color": "#000000",
    "homepage-blog-title": "Recent Articles",
    "homepage-collections-title": "",
    "homepage-collection-title": "",
    "type-background": "#ffffff",
    "shop-by-type": "false",
    "footer-text": "#aaaaaa",
    "footer-hover-link": "#d5d5d5",
    "footer_hover_color": "#ffffff",
    "credit": "true",
    "homepage-blog-title-color": "#000000",
    "blog-background-color": "#f7f7f7",
    "homepage-products-title-color": "#aaaaaa",
    "homepage-products-background": "#ffffff",
    "homepage-collections-title-color": "#444444",
    "homepage-collections-background": "#fdfcf7",
    "leftlink": "\/collections\/all",
    "midlink": "\/collections\/all",
    "rightlink": "\/collections\/all",
    "checkout_use_logo_image": "false",
    "order-summary-background": "#ffffff",
    "signup-text": "Signup for Email updates",
    "popup-2": "true",
    "popup-3": "false",
    "popup-4": "true",
    "welcome-1": "Welcome Message 1",
    "welcome-2": "Welcome Message 2",
    "welcome-3": "Welcome Message 3",
    "articles": "false",
    "instagram_url": "enter url",
    "soundcloud-playlist": "https:\/\/soundcloud.com\/moby\/sets\/innocents",
    "soundcloud": "true",
    "use-blog-background-image": "true",
    "mask": "true",
    "homepage-contact-title": "Reach out",
    "homepage-contact-title-color": "#444",
    "contact-background-color": "#f7f7f7",
    "homepage-contact": "true",
    "use-contact-background-image": "true",
    "contact-mask": "true",
    "slide7_url": "\/collections\/all",
    "slide7_alt": "Slide 7 Alt Text",
    "slide8_url": "\/collections\/all",
    "slide8_alt": "Slide 8 Alt Text",
    "slide9_url": "\/collections\/all",
    "slide9_alt": "Slide 9 Alt Text",
    "slide10_url": "\/collections\/all",
    "slide10_alt": "Slide 10 Alt Text",
    "slide-7-check": "false",
    "slide-8-check": "false",
    "slide-9-check": "false",
    "slide-10-check": "false",
    "homepage-left-1-url": "\/collections\/all",
    "homepage-left-1-alt": "homepage-left-1-alt",
    "homepage-left-2-url": "\/collections\/all",
    "homepage-left-2-alt": "homepage-left-2-alt",
    "homepage-right-1-url": "\/collections\/all",
    "homepage-right-1-alt": "homepage-right-1-alt",
    "homepage-right-2-url": "\/collections\/all",
    "homepage-right-2-alt": "homepage-right-2-alt",
    "homepage-right-3-url": "\/collections\/all",
    "homepage-right-3-alt": "homepage-right-3-alt",
    "layout-choose": "slideshow",
    "show-sizes": "true",
    "vimeo_url": "Full Vimeo URL",
    "blogger_url": "Full Blogger URL",
    "wordpress_url": "Full Wordpress URL",
    "show_blogger": "false",
    "show_wordpress": "false",
    "footer-1-title": "Featured Collections",
    "footer-2-title": "Best Selling",
    "footer-3-title": "Information",
    "footer-4-title": "Follow us",
    "show_vimeo": "true",
    "nav_border": "#d5d5d5",
    "client-id": "Instagram Client ID",
    "hashtag": "shopify",
    "instagram-label": "#shopify on Instagram",
    "instagram": "true",
    "product-border": "true",
    "collection-1": "shop",
    "collection-2": "frontpage",
    "collection-3": "shop",
    "footer-1": "shop",
    "footer-2": "best-selling",
    "footer-3": "information",
    "video_embed": "<iframe width=\"2560\" height=\"1440\" src=\"\/\/www.youtube.com\/embed\/jTiFCEhZeC0?rel=0&autohide=1&showinfo=0\" frameborder=\"0\" allowfullscreen><\/iframe>",
    "sort-drop-down-d-check": true,
    "sort_hair-extensions": "Clip-In Extension, Color Extension, Halo Extension, Wefted Extensions",
    "sort_wigs": "Lace Front, 100% Hand Tied, Full Mono, Partial Mono, Basic\/Standard",
    "sort_hairpieces": "Bang\/Fringe, Ponytail, Hair Bun, Hair Wrap, Headband, Fall\/Half Wig, Top Piece\/Topper",
    "sort_hair-care-products": "Brushes & Combs, Caps & Liners, Heat Tools, Color Rings, Tapes & Adhesives, Clips",
    "sort_hair-extensions_text": "Clip-In Extensions, Color Extensions, Halo Extensions, Wefted Extensions",
    "sort_wigs_text": "Lace Front, 100% Hand Tied, Full Mono, Partial Mono, Basic\/Standard",
    "sort_hairpieces_text": "Bangs & Fringes, Ponytails, Hair Buns, Hair Wraps, Headbands, Falls & Half Wigs, Top Pieces\/Toppers",
    "sort_hair-care-product_text": "Brushes & Combs, Caps & Liners, Heat Tools, Color Rings, Tapes & Adhesives, Clips",
    "sections": {
      "blog-template": {
        "type": "blog-template",
        "blocks": {
          "1515531709292": {
            "type": "newsletter",
            "settings": {
              "title": "sign up for",
              "subtitle": "Your Daily Beauty Fix",
              "content": "newsletter",
              "placeholder": "Email",
              "button_title": "Sign up here"
            }
          },
          "1515531671450": {
            "type": "recent_block",
            "settings": {
              "limit": 10,
              "title": "Popular Content"
            }
          }
        },
        "block_order": [
          "1515531709292",
          "1515531671450"
        ],
        "settings": {
          "enable_top_layout": true
        }
      }
    },
    "content_for_index": [

    ]
  }
}